,Temperature,Humidity,PM2.5,PM10,NO2,SO2,CO,Proximity_to_Industrial_Areas,Population_Density,PCA1,PCA2,cluster
5,39.4,96.6,14.6,35.5,42.9,17.9,1.82,3.1,674,4.625554309165391,-1.1943504241884138,1
6,41.7,82.5,1.7,15.8,31.1,12.7,1.8,4.6,735,2.8205359765035514,-2.311093696425953,1
8,29.4,93.8,10.3,22.7,45.1,11.8,2.03,5.4,486,2.829680944983256,-1.3283774160440047,1
9,33.2,80.5,11.1,24.4,32.0,15.3,1.69,4.9,535,2.2978985951811257,-0.9812626539848408,1
17,37.6,81.2,28.1,56.6,46.7,13.7,1.85,4.1,560,4.514323956851409,0.8870981421545905,1
19,37.8,97.2,0.6,24.6,37.1,11.7,1.13,7.7,803,2.403654117158083,-1.8949982454070808,1
29,44.7,97.9,34.6,57.3,28.1,22.6,1.78,3.5,562,5.1443623397529405,1.0601537437902488,1
31,35.4,100.2,20.5,33.2,34.4,11.7,1.85,5.1,440,2.9968690208210016,-0.18681206705738557,1
44,31.6,76.7,21.4,26.9,30.1,17.4,1.29,7.6,663,1.9953754419421341,-0.1370674963996742,1
47,27.7,99.4,17.8,29.9,37.5,9.9,1.74,5.4,588,2.5694333455774703,-0.4046572728981928,1
64,30.4,101.1,28.6,42.6,39.9,4.0,2.2,6.8,639,3.3583276807888724,0.6522372966854305,1
65,41.4,65.4,34.3,52.8,42.7,9.4,1.87,2.5,721,4.508770038295766,1.1151280108681871,1
68,36.6,75.5,32.2,41.3,32.1,9.4,1.95,4.4,543,3.104823233453539,0.9962651715476544,1
71,34.9,96.9,11.4,30.2,36.5,20.3,1.89,6.8,680,3.699608782616005,-1.3281314466121308,1
76,32.3,82.0,8.8,18.7,29.8,14.7,2.03,5.7,600,2.3282999228241184,-1.4359053736494725,1
80,29.9,77.8,1.5,23.4,43.8,20.0,1.89,6.0,681,3.1004928683918256,-2.04799640267559,1
98,29.5,77.2,27.9,44.4,26.3,23.1,1.68,7.7,586,2.81506638708339,0.902337842128071,1
120,40.0,88.7,29.3,46.0,45.1,20.7,2.03,3.2,821,5.810143338226492,-0.1857623039507088,1
123,42.6,94.6,17.9,30.1,44.3,4.0,1.91,2.6,525,3.6670854825984307,-0.7779484049291059,1
126,37.3,90.7,33.6,43.8,35.6,19.6,2.45,3.1,754,5.465977437102105,0.1932689328828444,1
131,33.5,97.1,10.5,24.1,26.8,16.5,2.13,5.1,686,3.1744120747683087,-1.4314373938598701,1
142,22.8,83.4,28.2,42.9,42.6,9.8,1.71,4.5,818,3.221487796608934,0.6547960365253811,1
144,31.4,78.7,7.7,14.3,38.1,17.5,1.75,5.4,549,2.3342559453535006,-1.7492786583336242,1
151,31.3,101.5,33.4,52.8,28.7,18.2,1.97,7.6,488,3.563000617482178,1.4069058183385785,1
155,38.1,69.3,6.5,23.6,41.6,16.5,1.46,6.4,806,2.9813069308372118,-1.7163896982207814,1
171,28.0,80.2,27.7,28.8,34.3,12.3,1.55,6.2,631,2.1953651249808783,0.3450925499218276,1
176,36.6,78.5,6.0,25.9,45.5,17.8,1.58,4.0,470,3.0856225639331027,-1.5648999271044581,1
181,43.1,75.5,6.4,14.2,38.8,11.0,2.24,9.0,644,2.816696924757133,-2.0568117247197417,1
186,30.9,92.2,10.7,19.0,38.1,9.6,2.55,4.8,429,2.784917138192073,-1.3953407653656194,1
193,31.3,100.3,7.0,26.4,30.4,20.2,2.19,4.2,770,3.8487386148624223,-1.8459904134281606,1
209,47.2,78.4,17.9,46.0,42.9,21.1,2.36,2.8,517,5.505670575507954,-0.6874273208206167,1
215,39.1,82.4,24.3,49.8,28.2,11.5,2.03,8.5,818,3.580335635901015,0.5832038271833534,1
229,23.1,100.8,7.4,30.0,28.5,16.3,1.8,7.2,711,2.2445607059830683,-1.0071992855775855,1
230,35.9,87.0,26.4,34.1,29.2,17.2,1.33,6.5,619,2.733026488322633,0.26770125555279506,1
259,40.6,95.1,37.4,46.7,42.9,21.3,2.16,2.8,679,5.954522572938265,0.3729289866677386,1
261,30.3,86.7,6.2,30.2,36.5,17.8,2.31,2.9,465,3.354584232373416,-1.3676460820062724,1
272,35.4,65.0,22.6,46.2,37.5,23.0,2.01,3.7,509,4.023056467351458,0.24356587358464415,1
282,37.0,93.9,17.0,34.1,33.3,11.4,1.86,3.1,684,3.589898486839149,-0.6524959420738418,1
291,44.0,80.4,18.0,29.5,27.9,8.5,2.12,4.1,685,3.3547186730926986,-0.6871208925056214,1
300,35.7,49.1,18.1,26.5,29.1,13.4,2.24,3.9,649,2.625209335871641,-0.4602707964045986,1
309,31.3,65.1,26.0,33.8,27.3,22.0,2.01,4.4,631,3.1701478304339514,0.1569112133711634,1
312,36.6,68.4,28.3,42.4,44.2,6.6,2.11,3.8,726,3.901819486498901,0.44074979487298227,1
315,31.5,71.1,20.4,35.1,39.2,10.9,2.11,10.5,562,2.2972681200458647,0.17303838668748014,1
316,41.1,71.6,6.9,30.1,37.9,8.3,1.8,3.8,713,3.055665950692781,-1.2926338318440653,1
321,32.4,80.4,36.4,52.2,36.8,21.1,1.76,9.0,643,3.80173408515313,1.4238480537533535,1
324,41.7,93.9,8.3,22.4,36.1,22.3,2.06,3.8,497,4.07173489482248,-1.9939249469434106,1
327,24.4,77.3,19.6,24.8,41.2,17.6,1.85,3.8,656,2.985700699606284,-0.6872672760884193,1
334,36.7,81.2,17.3,37.3,32.9,17.5,1.9,4.0,445,3.249636914709598,-0.2560857427867889,1
346,39.2,73.7,23.5,44.1,43.7,15.4,2.49,3.0,787,5.284530442589694,-0.36392337021981613,1
350,33.1,69.0,6.8,15.0,36.9,15.0,1.55,3.7,712,2.3490898682145063,-1.8027163850700985,1
368,40.9,81.8,0.7,15.7,27.7,17.9,1.82,5.9,577,2.482433894030992,-2.2159121412436273,1
373,40.1,61.7,2.3,17.0,31.4,21.5,2.13,4.8,788,3.3819506847180105,-2.409144437327043,1
403,34.3,81.2,32.2,47.1,31.7,16.5,1.71,3.9,507,3.426282767637063,1.1362387744025846,1
404,35.2,82.6,24.9,43.4,36.3,8.1,1.99,5.7,419,2.819653393662619,0.7485776020371454,1
415,44.5,79.6,41.4,53.1,38.4,21.8,2.44,4.7,837,6.312137297409301,0.8050549273851431,1
419,32.1,80.3,13.7,28.6,37.0,14.9,1.76,4.7,807,3.2294860806816668,-1.047365620328279,1
421,35.7,94.8,13.5,38.4,33.2,11.0,1.65,3.9,749,3.3668716257175975,-0.6164828623445607,1
424,31.8,90.8,11.0,19.1,35.1,8.3,2.1,4.2,513,2.3893973322214612,-1.255798438708455,1
437,32.7,88.6,21.4,45.0,28.7,11.7,1.96,6.0,482,2.7071352986299595,0.6131564949561414,1
446,33.9,78.3,16.5,31.2,30.4,19.8,1.73,4.0,411,2.671629206520976,-0.3835059545076918,1
448,33.2,92.5,20.0,35.6,37.4,6.9,1.62,4.1,655,2.8973507805420176,-0.10345612201607872,1
452,34.3,77.6,6.9,14.1,29.1,17.0,1.87,5.4,694,2.422016273086854,-1.8711463251491427,1
453,33.3,92.2,5.0,25.3,29.8,19.7,1.41,3.9,494,2.39573781889629,-1.4082935406901291,1
457,31.3,80.6,19.6,32.6,31.8,3.6,2.53,3.3,662,2.9670244001839285,-0.19611123890330687,1
461,28.4,73.5,11.6,33.0,37.6,20.2,1.56,7.7,642,2.4529748860731937,-0.6391405821350178,1
481,28.6,84.4,17.7,33.8,34.3,21.7,2.42,4.0,712,4.153245521576319,-0.8196435161058734,1
485,37.3,77.6,20.0,22.4,30.0,14.8,1.92,4.5,516,2.712255234806674,-0.6304486067205386,1
490,30.8,88.9,27.8,32.7,31.2,13.5,1.68,5.6,494,2.476225725874556,0.4750336673795811,1
491,36.5,90.3,5.1,31.6,27.9,10.5,2.12,5.1,630,2.809487838242145,-1.2208803249431786,1
494,35.2,80.2,13.2,19.1,36.4,21.5,1.69,4.7,546,3.0169592366771503,-1.4273993954782078,1
498,32.8,71.6,23.3,30.3,23.4,16.8,1.75,7.4,632,2.126795263785964,0.1738494323966744,1
514,30.2,86.5,6.2,20.8,35.9,18.1,2.03,4.8,420,2.544763415896891,-1.5473939682868416,1
523,39.1,85.2,7.1,27.9,35.5,8.9,2.21,3.8,622,3.29245319573538,-1.450387889635533,1
531,33.2,67.6,28.0,36.5,30.3,19.0,1.99,3.8,571,3.2951971558213957,0.3951934979347285,1
532,37.7,78.2,22.0,25.8,17.9,9.3,1.97,6.0,697,2.1565103827983494,-0.13745558240152753,1
536,43.1,102.0,1.5,12.4,31.9,18.9,2.2,3.9,492,3.644120639410878,-2.775696549163376,1
541,44.3,88.4,2.6,13.3,35.0,16.2,2.31,4.8,757,4.003259885783678,-2.8544134434324366,1
544,37.3,86.8,41.6,62.9,33.0,20.0,2.09,5.1,734,5.256781323233292,1.7530131334538024,1
549,39.6,72.4,17.7,29.3,38.1,21.8,2.31,3.3,790,4.812827872253234,-1.3384286307772832,1
557,32.5,80.7,27.8,41.2,41.6,12.9,1.74,4.2,623,3.548471364200343,0.45803283956874463,1
563,38.8,78.7,3.1,21.2,43.4,16.0,2.02,3.6,772,3.9335934754369233,-2.3883730061077735,1
565,41.2,80.2,10.8,34.5,25.7,11.4,2.08,3.7,714,3.319644269631595,-0.9020088646158614,1
568,43.7,89.5,5.3,18.6,36.3,7.7,1.83,4.0,656,3.0484401606182354,-2.000382957528933,1
575,29.3,63.2,12.7,25.8,23.3,16.6,2.15,4.2,839,2.6049407836554708,-0.9299671366273342,1
599,32.4,93.5,31.6,45.9,32.9,13.6,2.15,6.6,482,3.4426704538159303,1.0279681452817815,1
609,33.3,94.3,37.2,41.0,35.3,11.8,2.33,8.5,770,4.048938614786653,0.8117798236923404,1
617,32.6,77.3,12.9,33.1,38.9,8.3,1.86,4.3,529,2.4954989316117118,-0.46142485980749015,1
619,28.5,57.3,18.4,34.9,32.7,13.9,2.54,5.0,486,2.579090614713654,0.057041570442518855,1
627,32.2,65.9,1.3,20.9,46.3,21.0,1.82,4.8,634,3.1071357246113283,-2.157711422534947,1
629,43.2,110.8,36.4,55.4,42.4,16.8,2.38,4.6,531,5.974370636685768,0.7648748554977852,1
642,36.1,82.0,6.8,15.7,31.5,12.7,2.43,3.7,767,3.3575954779482795,-2.139507331182673,1
647,33.7,49.4,28.2,36.7,41.2,16.3,1.85,3.5,568,3.2025857522312404,0.4754335927785367,1
657,32.5,85.1,24.8,46.3,29.1,13.2,1.89,5.9,599,3.0243018704608646,0.7405026635422275,1
662,33.2,80.6,18.5,32.1,23.0,21.3,1.84,5.4,793,3.2147795466255036,-0.5406023733705417,1
663,37.2,111.3,0.2,8.8,31.9,18.5,2.12,7.7,753,3.360421643483965,-3.060641274722548,1
669,31.9,70.1,5.5,17.5,44.2,17.2,1.65,4.1,506,2.459473972603821,-1.755630090006694,1
678,27.5,76.2,16.6,24.3,32.4,17.8,1.97,5.2,577,2.4789438908194823,-0.6795699183117487,1
681,32.9,97.0,10.0,32.7,39.7,12.4,2.24,4.3,640,3.7567488432974274,-1.2356122749558387,1
683,46.4,63.7,17.3,28.0,46.5,14.6,2.26,4.2,658,4.506842784350141,-1.2677177214202429,1
686,40.9,80.9,13.5,26.8,37.5,16.2,2.38,3.8,630,4.193548308276624,-1.450185335438478,1
697,36.8,82.8,7.3,17.9,33.2,17.0,1.9,4.3,678,3.0872085534476152,-1.9195777592573273,1
709,38.7,98.8,9.1,30.9,40.2,21.0,2.33,2.8,827,5.349338500085439,-2.0969372622643143,1
726,37.3,82.2,11.2,32.1,36.6,17.0,1.91,3.5,831,4.076068082671608,-1.3750742481503968,1
727,37.8,86.3,11.9,33.1,34.5,14.6,2.14,7.9,535,3.0781373152199967,-0.8122083733300546,1
734,35.6,95.7,13.9,30.0,37.6,12.1,2.0,12.3,552,2.472603551334439,-0.6651797356926651,1
737,37.7,64.9,13.5,27.2,38.4,9.6,2.23,3.6,641,3.1783096844391197,-0.9833347039064673,1
742,36.8,71.4,5.4,46.1,41.7,6.3,2.35,2.6,846,4.108934918334889,-0.9786132997908185,1
750,30.4,91.7,8.3,19.2,36.2,18.8,2.25,3.4,417,3.089828948798974,-1.6908733242259684,1
752,33.6,79.4,18.1,32.1,31.7,15.3,1.86,6.1,691,2.9409748436335508,-0.4265674274920134,1
754,32.5,89.0,12.2,34.2,38.7,13.5,1.88,5.3,688,3.3134960310058106,-0.8714517867631811,1
759,41.1,70.1,45.2,60.0,28.5,15.7,2.43,6.0,759,4.933217250307144,2.025903616334784,1
795,41.9,81.3,11.4,23.3,31.2,11.5,1.98,5.5,459,2.5877985578255345,-1.0992421515952535,1
802,30.5,76.2,26.8,46.5,40.0,9.3,2.4,9.9,624,3.1171014953934075,0.8531926488134569,1
805,41.8,75.4,23.7,34.7,37.7,6.8,1.42,5.9,527,2.486459582289857,0.2869251034825903,1
808,28.1,93.7,35.0,50.7,46.0,19.4,1.66,4.0,487,4.205201091698384,1.1523606951407677,1
809,41.1,82.1,30.0,52.7,35.7,14.9,2.46,4.0,654,5.049821596351103,0.6216020079454218,1
810,37.9,79.6,28.0,37.4,33.2,13.6,1.93,4.9,608,3.4994392296941337,0.31251113283765514,1
829,41.2,92.2,36.1,49.5,42.2,17.1,2.39,2.7,815,6.164952566853208,0.33873888148808207,1
838,38.0,84.6,34.2,62.4,43.8,17.8,2.62,6.7,598,5.529405078362025,1.1870079415177648,1
848,35.3,71.2,12.9,39.3,34.8,14.1,2.42,5.7,401,3.012181311870956,-0.2867995817430952,1
851,38.7,72.4,3.4,23.9,25.4,22.6,2.27,3.9,765,3.662165828835972,-2.083486875023402,1
878,33.7,83.2,1.6,25.2,34.3,12.0,2.59,6.2,551,2.86920849061538,-1.7500048459783069,1
900,36.3,84.9,5.3,14.1,33.0,16.5,1.9,5.3,718,2.900085168761908,-2.1943404045444863,1
902,36.4,82.7,19.7,36.6,39.2,15.9,1.72,9.0,782,3.4330479160924043,-0.37632099690376153,1
904,33.4,80.2,10.3,32.4,40.3,12.9,1.36,2.6,597,2.766162734217589,-0.8399081756824509,1
913,31.8,86.3,2.6,14.8,38.6,17.7,2.07,3.7,551,2.9697636422808937,-2.293727609572183,1
915,25.2,88.9,22.3,44.2,34.1,17.5,2.33,4.4,578,3.64569605239345,0.25740016982040326,1
916,43.0,96.5,14.6,38.1,39.7,17.3,2.17,5.4,591,4.62140228108858,-1.0301242585675903,1
917,30.1,89.5,26.2,38.9,45.4,19.1,2.18,4.2,658,4.601473778101996,-0.20047699612536207,1
926,31.8,67.3,17.7,23.4,22.1,9.6,2.49,5.9,689,2.1684129636990614,-0.4841475276662702,1
936,37.0,71.8,23.2,38.6,35.4,22.9,1.82,3.4,516,3.8496703911495107,-0.06107575986604449,1
941,37.2,65.7,1.8,20.4,45.2,14.6,1.45,5.1,506,2.257624279458876,-1.7901516505671002,1
944,38.3,103.6,12.4,27.7,25.4,11.0,1.87,3.8,441,2.6575881717494276,-0.851101334451585,1
950,35.5,71.8,7.4,27.5,33.8,22.6,1.91,3.9,676,3.476800590802166,-1.5657219877499615,1
953,37.0,80.1,35.2,49.4,41.1,21.2,1.84,5.3,469,4.342662867593916,1.0652807379069944,1
954,37.2,94.4,20.8,37.1,29.5,10.8,1.66,8.3,531,2.4333226193997506,0.20398145580828744,1
958,41.0,60.7,26.9,56.7,38.4,13.0,2.25,3.5,673,4.545936067333667,0.8490007729015001,1
960,40.0,90.4,5.4,24.6,36.4,15.3,1.85,4.8,561,3.2401869270710177,-1.7573588879054474,1
962,36.5,62.0,42.7,54.8,25.3,21.7,2.48,3.5,623,4.639754692166336,1.7928904612650518,1
964,30.0,67.1,2.2,7.8,39.2,17.0,2.0,5.2,793,2.5565379964906265,-2.5636309160341195,1
966,31.6,81.1,18.7,30.0,31.6,12.3,1.45,5.5,664,2.2157463162649402,-0.21194168673097896,1
974,32.0,84.4,30.3,39.1,40.4,21.2,1.99,6.2,454,3.7760802075391857,0.4495013496601363,1
980,37.3,85.0,9.6,23.9,31.2,16.2,2.22,4.9,592,3.25636981722558,-1.4849375608071733,1
991,32.4,95.7,0.7,5.8,43.0,21.2,1.87,3.9,525,3.1331114970456326,-2.9878227496573904,1
996,39.1,84.8,4.6,19.1,33.3,5.9,2.11,5.1,620,2.4791228515587456,-1.7466594997810359,1
1004,44.2,79.7,4.9,23.6,34.4,18.1,1.76,4.1,724,3.6803738851667007,-2.0575842766026455,1
1005,44.4,70.0,7.1,19.5,23.3,11.6,1.71,5.1,762,2.3882175366223866,-1.5769464720115396,1
1010,38.9,83.7,26.5,48.9,44.0,14.6,1.83,3.8,645,4.5612837435912,0.33931937637406967,1
1019,32.3,72.8,3.4,30.6,42.3,2.8,2.04,4.5,636,2.311733985713219,-1.1467678954612643,1
1024,26.8,98.6,0.9,21.6,34.8,12.9,2.0,6.6,712,2.4491060121669626,-1.9299703157078159,1
1029,36.0,75.3,43.4,59.5,35.1,22.1,1.97,3.6,468,4.658768655026225,2.04020525321312,1
1033,33.5,82.9,21.9,45.6,37.1,20.9,1.72,4.7,591,3.8399451724364693,0.1585295836230892,1
1034,27.7,83.6,3.8,19.9,32.9,17.8,2.09,5.3,632,2.5426841602591757,-1.8014261664267714,1
1035,38.6,111.4,9.9,20.0,36.3,22.5,1.74,7.5,591,3.687627204694863,-1.97359465509795,1
1043,31.6,100.3,6.4,21.2,43.5,14.5,1.79,8.1,558,2.706737450682815,-1.6997377432625174,1
1044,39.1,66.8,9.7,21.2,34.1,5.4,2.33,6.6,679,2.4380659174728723,-1.2660517487714382,1
1048,32.8,58.9,30.1,52.0,33.6,22.4,1.73,3.4,476,3.479122129975859,1.2695413175153432,1
1052,42.5,80.9,33.3,44.4,34.1,11.1,2.28,4.2,682,4.506234560235531,0.622756156672063,1
1053,36.6,109.9,0.4,16.4,39.9,13.0,1.57,5.9,690,3.0119143177917924,-2.517290170112867,1
1065,35.4,78.9,3.9,15.7,33.5,15.8,1.97,4.9,695,2.778976675223009,-2.126692624340053,1
1066,40.3,66.1,11.8,21.0,43.4,15.8,2.02,6.2,824,3.7352049484766043,-1.7607749118928233,1
1069,33.3,73.1,21.6,33.1,44.5,7.4,1.98,8.8,723,2.8306449446110666,-0.11081665137321718,1
1073,42.0,77.9,9.5,31.0,37.6,17.0,2.38,12.0,484,3.0612427236544657,-1.0780857066519538,1
1082,27.6,79.3,14.0,40.2,37.6,10.6,2.24,3.6,608,3.1159284446181994,-0.26428784136103467,1
1088,36.4,107.9,16.4,32.0,25.7,14.7,2.03,3.6,686,3.7471956682661087,-0.8794516332073761,1
1105,24.6,71.2,21.1,41.7,27.0,17.7,1.93,3.4,528,2.4781359307735955,0.5583104247570766,1
1106,42.2,83.4,40.3,49.7,36.8,15.8,1.39,3.5,766,4.6240871152600835,1.204898371415461,1
1113,31.3,73.8,33.8,46.6,31.0,22.8,1.92,4.6,681,3.999150428126086,0.9468038173541417,1
1124,35.1,82.5,3.8,13.0,45.4,3.9,2.24,3.7,703,2.9290608698970058,-2.294995882260814,1
1132,32.8,73.6,18.6,39.5,21.4,12.2,2.21,4.4,590,2.5739552861095447,0.23909156319897232,1
1143,34.5,71.4,29.5,52.6,37.9,17.1,2.09,3.9,744,4.515049611805345,0.7664910844233073,1
1150,41.9,90.1,26.6,50.7,46.3,18.2,2.38,5.1,531,5.427628340379707,0.12359665041643926,1
1152,26.4,76.0,16.0,32.9,31.8,10.6,2.15,4.8,548,2.226161724535372,-0.1313331614517629,1
1158,29.2,77.7,35.4,36.1,37.1,17.9,2.24,6.6,571,3.5517634276935617,0.7336264082305329,1
1168,28.6,83.1,19.9,29.1,35.8,12.3,1.93,7.4,674,2.5467715492023277,-0.3019624715991484,1
1171,21.0,93.8,6.3,19.4,37.5,13.6,2.18,3.9,669,2.616105837406852,-1.6871696215889758,1
1175,41.2,85.9,3.4,21.2,39.6,8.4,2.27,3.5,689,3.6061890826054483,-2.1854369371962656,1
1179,29.5,69.8,5.9,21.1,27.6,18.9,1.82,3.6,694,2.327327550368795,-1.5087322772261016,1
1184,37.0,100.4,19.8,34.2,32.7,15.8,2.18,3.9,745,4.3932058636821525,-0.8097304344724088,1
1188,32.2,70.0,3.5,10.2,25.4,19.3,2.59,3.9,735,2.92881357267798,-2.4265129753886,1
1197,34.6,71.6,21.7,37.5,30.7,16.4,2.18,4.1,754,3.732533381774735,-0.19423123944341933,1
1203,35.0,80.2,11.9,24.4,30.4,14.1,1.71,4.5,617,2.491074129323858,-1.022183786308123,1
1206,38.5,83.8,19.5,31.0,28.0,14.3,2.22,7.3,443,2.790467150443925,-0.24782210580214167,1
1207,30.9,89.0,7.3,30.9,37.3,6.8,2.21,4.4,660,2.8855568890089622,-1.1297012142389355,1
1209,38.9,77.5,5.2,25.6,43.7,15.4,2.32,4.2,610,3.9196949693794756,-1.9502742511618993,1
1219,34.3,102.4,38.8,58.4,40.4,12.8,2.09,2.7,811,5.508817551628119,1.2187949637251476,1
1222,38.2,110.1,0.1,12.5,41.7,15.8,1.98,6.2,709,3.7040843257869454,-3.0048911969966223,1
1241,43.4,78.1,37.0,52.3,44.6,16.0,2.03,2.5,799,5.781642438329966,0.6986466700990426,1
1247,35.8,80.0,37.1,44.5,38.0,14.8,2.03,3.5,538,4.1302556623049345,1.0591316435628608,1
1268,36.6,93.3,46.6,54.0,29.8,19.6,2.12,4.7,624,4.899904284345953,1.8059342092757698,1
1273,39.8,108.4,30.3,39.3,32.2,21.5,2.03,3.0,572,5.001594709380156,-0.08210022082820334,1
1277,34.8,70.4,28.9,46.6,35.7,14.4,1.61,4.1,805,3.710720764527546,0.698665048150952,1
1287,35.0,92.4,7.4,29.0,25.0,17.9,2.16,6.8,718,3.142605647250085,-1.3915717705450614,1
1290,35.7,99.9,20.2,33.8,37.7,18.5,2.08,7.1,599,3.969730013212292,-0.6383726891048107,1
1291,37.3,68.2,4.3,20.8,40.3,20.0,2.01,5.4,681,3.377571460426642,-2.0799224218291683,1
1298,37.5,95.7,6.1,28.0,32.9,20.7,1.73,8.9,802,3.402329307118296,-1.7385061101444412,1
1314,32.6,78.3,4.6,24.6,25.8,21.2,1.97,5.9,540,2.3840432054992964,-1.4276405978622038,1
1318,32.2,81.3,3.9,15.4,46.5,20.9,2.03,3.1,705,3.8766733486831018,-2.594844776787429,1
1323,47.1,104.3,0.7,3.4,34.4,5.9,2.34,3.3,844,3.8647504601562965,-3.4479127921230077,1
1326,47.3,64.8,2.5,21.8,41.0,17.3,1.95,2.6,779,4.220404536750594,-2.4964859735471414,1
1327,34.0,83.2,19.3,39.1,45.1,21.0,2.28,9.9,496,3.835281355793446,-0.3357881280245699,1
1329,38.4,66.6,15.2,36.5,39.2,14.5,1.86,4.2,497,3.149969344380664,-0.3919998513525577,1
1336,39.8,84.9,33.8,51.8,29.2,15.9,1.92,7.6,559,3.707278955171663,1.3235361944520485,1
1345,29.0,88.6,13.2,33.7,36.1,13.1,2.32,4.4,706,3.512364172615553,-0.8641121546076609,1
1368,35.9,70.8,30.1,48.9,35.1,10.2,1.86,4.0,671,3.521567919928201,1.0405864952492607,1
1372,43.5,89.6,20.9,46.8,41.5,14.2,2.31,5.0,594,4.88971277818966,-0.24498754890491792,1
1382,32.9,102.4,26.6,41.3,26.6,15.7,1.86,5.4,394,2.96766574738676,0.6544830651852427,1
1389,33.8,92.2,18.0,41.1,25.2,15.7,2.11,3.7,407,3.054292191735019,0.09110978144543472,1
1394,30.4,67.5,16.5,21.0,43.4,15.4,1.97,9.6,502,2.120543424652255,-0.7268637119658727,1
1402,31.9,91.7,5.0,6.8,24.8,16.8,2.05,3.5,828,2.795370264273076,-2.5458407388059787,1
1403,36.9,84.6,8.0,23.5,36.2,20.6,2.29,5.9,745,3.997443680045662,-1.9760966633015071,1
1419,34.0,91.8,12.8,42.5,38.3,4.8,1.76,4.2,633,2.934153965359825,-0.22220895249838712,1
1424,37.8,84.0,14.8,21.3,27.1,19.9,1.8,4.0,688,3.2536568547587907,-1.326493019687256,1
1433,38.3,78.7,4.5,16.8,35.0,12.9,1.93,7.4,451,2.039808101167845,-1.68588579114621,1
1437,33.8,68.6,29.9,42.3,20.9,22.2,2.31,3.8,430,3.3125508633774166,0.8785695024678878,1
1443,30.4,98.7,21.6,29.6,35.1,12.7,2.13,4.0,625,3.4771549323873825,-0.5082635706824836,1
1450,40.3,81.9,2.0,17.8,37.5,17.1,2.05,4.3,444,3.0627941978566042,-2.1938784164402008,1
1461,40.4,107.6,31.2,56.4,41.8,19.9,2.14,7.4,767,5.7869245431757435,0.43453549724643536,1
1466,29.2,93.5,20.8,29.8,30.9,7.3,1.65,3.6,713,2.476004955522027,-0.17599112619462326,1
1467,36.5,86.5,19.9,32.8,33.3,12.4,2.14,4.0,623,3.5533152126377168,-0.46908574482998167,1
1469,38.6,76.2,26.0,48.7,32.8,3.5,2.12,3.7,612,3.3068098642783377,0.8907847636316208,1
1483,42.3,70.8,18.7,35.2,28.1,20.8,2.21,3.9,651,4.10304869010231,-0.6417296020028078,1
1496,27.1,61.5,24.0,29.4,45.5,14.3,2.19,4.3,806,3.587571828407906,-0.39850112428715223,1
1500,36.0,70.0,2.1,14.1,37.2,21.4,2.18,5.4,495,2.8729006995249264,-2.2972816032648837,1
1502,43.6,93.5,7.9,31.4,25.3,9.9,2.09,3.6,522,3.108612798492734,-1.1329909881018954,1
1504,30.6,78.3,10.9,27.7,26.3,14.1,2.62,3.5,651,3.112071356170759,-1.0863304599398564,1
1505,32.4,74.5,16.6,35.0,43.8,11.3,2.2,4.6,374,2.9599118414111194,-0.24538864752505057,1
1507,32.1,66.3,19.9,28.8,33.3,20.6,1.68,6.5,474,2.3269173660806444,-0.16925462987273265,1
1512,42.0,86.2,2.0,8.8,33.7,22.3,1.7,7.4,538,2.728602745366822,-2.6222387194314547,1
1526,30.3,76.3,9.2,20.7,38.4,17.2,1.61,3.6,726,2.815349385240704,-1.556157193848846,1
1529,31.0,93.2,28.7,48.3,44.2,11.3,2.29,10.1,592,3.7004099835466486,0.7918680299342041,1
1538,30.5,80.8,11.9,27.8,25.6,16.7,1.87,6.7,716,2.3647327365408177,-0.8310688962269417,1
1541,36.1,82.6,28.1,28.1,31.7,12.7,1.52,9.0,601,2.2298878731697145,0.2876962256031854,1
1544,30.3,86.8,16.4,30.2,38.2,22.4,2.39,5.7,479,3.7351366882926365,-0.8842733000713827,1
1563,38.5,87.4,15.6,22.3,37.3,13.7,1.62,7.5,412,2.3241712325706336,-0.8185977455734167,1
1567,44.1,72.8,45.0,59.2,33.9,13.0,2.21,6.9,707,4.7981078619476385,2.0064794423541925,1
1570,35.8,64.1,13.8,27.3,30.5,20.6,1.79,4.7,626,2.8527590755115964,-0.8789833629044899,1
1578,30.4,93.5,8.5,29.2,36.6,16.3,1.64,6.0,766,3.0315912970275525,-1.3164350272149221,1
1579,36.9,98.2,23.7,42.8,32.2,19.1,2.15,6.5,493,3.9757266391833936,0.10113042885567754,1
1599,33.2,109.9,2.8,14.8,26.7,15.2,1.88,9.0,511,1.9180486129617742,-1.9356858558752132,1
1600,24.7,87.2,15.5,25.1,33.3,17.7,2.27,5.1,670,3.05050644448962,-0.9638277493552958,1
1602,40.1,70.6,9.2,17.9,29.2,18.0,2.16,4.6,569,2.9598407511503697,-1.6718075894220676,1
1607,24.6,82.8,5.6,19.8,28.7,19.1,2.02,8.0,710,2.0445230127436904,-1.5330635418422538,1
1612,41.4,74.4,27.5,38.8,28.9,21.3,2.18,4.2,778,4.632705917018623,-0.13914127783418825,1
1624,38.6,58.3,9.6,29.6,28.4,13.7,2.17,3.5,422,2.3956065617810607,-0.7274422258975995,1
1625,34.8,75.2,8.9,28.9,32.5,16.6,1.8,7.1,517,2.2899530469831215,-0.8974711517762747,1
1641,39.1,82.6,11.4,31.9,27.9,18.5,2.0,4.5,750,3.6908483293860175,-1.1911330813413412,1
1645,39.3,73.0,15.0,35.5,34.2,8.1,2.05,3.7,655,3.189462872164043,-0.49149268760880416,1
1660,47.1,61.2,15.8,34.2,29.7,18.3,1.56,10.4,675,2.7225300486978723,-0.432625111157193,1
1674,34.0,104.3,25.9,44.1,41.7,15.9,2.35,7.1,676,4.722453104683893,-0.044995186138823716,1
1688,36.6,90.5,21.9,33.1,30.7,19.9,2.3,7.2,443,3.5015351373366377,-0.28827721750542956,1
1702,33.3,59.2,9.5,25.1,38.2,19.9,1.69,4.9,450,2.311836645109169,-1.0107194674265918,1
1705,38.2,95.1,15.8,31.3,26.2,11.0,2.43,5.5,616,3.3804232666030587,-0.7442770662142388,1
1706,41.4,82.4,12.6,27.3,41.2,9.1,1.91,4.3,471,3.0946673578062063,-1.0253718133090113,1
1711,36.0,95.2,7.0,21.6,36.2,13.8,1.75,4.5,564,2.8792188637610554,-1.6642738761966671,1
1714,37.1,100.9,3.5,19.9,46.0,18.4,2.08,6.6,473,3.6392506695907674,-2.2940296806132983,1
1736,32.2,59.9,29.3,38.6,32.9,18.3,2.14,6.0,563,3.112123281041226,0.6692057102675831,1
1747,35.5,100.3,3.2,22.2,38.7,16.2,1.74,7.9,717,3.098596398015702,-2.0713055444516915,1
1757,44.0,70.6,23.0,42.3,35.2,17.2,1.79,3.5,726,4.324407330911721,-0.13598654607187471,1
1769,36.5,68.3,4.4,19.3,32.0,14.8,2.18,8.2,771,2.5780129886095935,-1.8444039754203445,1
1774,42.1,83.5,14.7,36.2,42.8,0.1,2.31,3.4,797,4.014613263562031,-0.843580700493887,1
1775,35.5,97.4,12.8,37.3,24.7,13.0,1.75,12.4,513,1.7563761531864743,-0.0729222715195843,1
1776,41.0,67.4,11.3,26.7,28.3,21.9,2.04,5.5,493,3.042796982191349,-1.1149863984200374,1
1789,41.1,110.2,26.6,42.7,26.8,9.0,2.4,8.7,814,4.220248227992685,0.09425016927212349,1
1790,42.8,61.5,13.8,22.2,31.0,9.1,1.97,5.5,637,2.4546224344493237,-0.9542391677909275,1
1801,35.5,95.0,31.6,52.5,24.3,13.6,2.34,4.3,478,3.8373866440000137,1.248120672689875,1
1802,41.1,68.2,14.3,22.6,32.7,13.6,1.86,5.4,453,2.418067050985425,-0.8618819878999238,1
1804,35.5,69.0,22.0,38.7,35.0,9.9,2.1,6.1,490,2.681396388252195,0.3779001502280194,1
1808,32.8,89.1,18.0,32.4,44.1,16.1,1.64,4.3,734,3.810796789791385,-0.8158887209776556,1
1816,38.5,103.0,12.2,37.4,40.5,19.5,1.89,7.2,527,3.995349304487071,-1.0044894505620499,1
1819,30.8,62.2,11.8,37.1,29.1,17.0,1.91,4.4,629,2.534379253386662,-0.3497350709584594,1
1820,31.2,99.0,29.4,59.3,38.7,18.5,1.79,11.0,639,3.8314115820748564,1.2653870583045452,1
1869,33.6,74.3,16.1,36.2,40.1,18.0,2.24,3.4,655,4.084394316810786,-0.7524679156147959,1
1877,36.0,71.3,5.3,25.4,33.0,14.6,1.73,5.2,677,2.5013694815159555,-1.4247646518510642,1
1879,35.3,92.3,13.3,24.1,32.6,10.4,1.87,4.0,623,2.839833544456092,-1.0874151536883856,1
1882,36.4,97.3,10.8,33.1,38.8,13.1,2.07,4.1,556,3.6917360800516543,-1.1279167769313354,1
1884,34.7,81.2,9.6,29.2,29.5,14.5,2.26,2.5,803,3.685532836897325,-1.406347507243508,1
1886,39.3,64.7,22.6,34.4,38.1,12.2,1.77,3.4,406,2.8614491055182074,0.14466108960191043,1
1894,41.1,105.0,6.9,30.9,37.1,16.4,2.45,3.4,750,5.00365908734191,-2.077024014153387,1
1895,33.2,101.3,14.7,20.5,36.6,14.2,1.53,8.4,509,2.2245187419949106,-0.993734622100319,1
1906,43.1,69.1,2.4,16.6,30.0,12.2,2.08,5.9,657,2.5541692850480504,-2.058482299728707,1
1910,34.9,68.1,14.5,27.0,31.2,19.5,2.11,4.4,726,3.3900204557220803,-1.0717418335897075,1
1930,33.5,96.2,22.1,41.0,41.6,15.7,2.17,4.4,596,4.338268842949775,-0.2471578219738277,1
1935,45.7,100.1,2.0,21.9,31.0,10.0,2.0,4.3,477,3.0633386863017296,-2.0146076903913204,1
1938,27.8,99.6,27.2,34.4,40.4,18.4,2.06,4.7,611,4.017894994833732,-0.13663059633795005,1
1940,41.1,86.1,15.8,34.3,34.9,17.5,1.88,5.0,716,4.04042855931379,-0.9378573967737521,1
1947,40.4,65.1,33.1,55.6,35.3,17.9,1.82,5.3,440,3.775662267369486,1.5180482159453303,1
1948,37.5,87.0,43.4,58.7,43.7,21.8,1.79,8.2,484,4.692143404578156,1.8879259377356155,1
1952,44.1,89.4,18.7,39.9,29.3,18.1,1.87,4.2,450,3.7785624056561304,-0.2722268914596971,1
1958,35.1,75.6,2.8,21.0,31.9,5.9,2.06,5.5,766,2.2015283737590656,-1.683136687138366,1
1966,29.9,96.2,16.2,29.3,35.5,18.2,1.85,3.4,444,3.113091445369,-0.70442797630199,1
1969,42.1,80.6,30.9,41.8,36.9,12.0,2.09,4.3,437,3.869253559741319,0.6406642498557023,1
1971,42.1,74.0,3.9,21.4,34.4,20.7,1.69,3.7,611,3.295528036043979,-2.0413850027587706,1
1973,32.0,95.2,28.6,41.8,38.3,23.0,2.11,6.4,435,4.097006003874279,0.33619201415330247,1
1976,37.6,87.7,13.4,32.0,30.3,13.1,2.41,7.9,825,3.6500555328164483,-1.0589362954314192,1
1977,33.9,72.8,22.7,30.8,26.1,15.3,1.98,5.6,598,2.6003575457541106,0.01012465001570087,1
1979,43.5,71.9,25.1,44.1,38.4,18.8,1.8,6.2,569,4.045602725147469,0.2190814461049286,1
1990,40.9,93.8,3.4,26.7,44.6,10.2,1.75,3.7,759,3.845083912192424,-2.0882993345418677,1
1992,39.2,70.1,27.4,40.3,41.0,11.1,1.91,3.6,511,3.575322592259896,0.44260442949564893,1
1995,27.1,64.1,4.0,16.0,38.1,15.2,1.9,3.5,723,2.3118055356704086,-1.8810864204162867,1
2001,44.9,66.4,10.6,34.3,38.5,19.3,2.53,3.0,575,4.656678910885814,-1.397071194513412,1
2003,37.5,93.5,38.5,45.1,32.7,14.6,1.74,4.0,454,3.761116050297632,1.308922844842445,1
2011,29.3,77.9,37.0,47.7,29.1,15.4,2.14,3.5,691,3.7974341102676217,1.3362949742504655,1
2022,31.9,78.1,16.7,30.3,29.4,9.0,1.76,5.3,671,2.151105310713383,-0.26351330885478313,1
2027,34.4,95.1,5.1,17.4,20.9,10.0,2.06,3.7,689,2.3041528102171327,-1.7473998676888216,1
2029,31.5,105.1,4.6,9.8,32.5,21.3,1.9,6.2,786,3.236321007971499,-2.6676822534295126,1
2031,41.2,86.9,26.7,40.8,39.5,-0.2,1.62,5.6,783,3.225233069453704,0.43510476963689415,1
2033,31.7,88.3,13.1,26.0,33.2,18.5,2.09,4.5,722,3.5282644649398986,-1.3065985494597894,1
2034,30.5,87.9,28.4,38.1,29.2,15.2,1.76,5.0,496,2.742993619593908,0.6953665965544489,1
2040,42.9,58.5,35.8,48.5,33.7,23.2,2.0,5.7,455,4.139586308107587,1.190684278219209,1
2045,37.6,94.5,17.5,42.8,37.0,19.1,2.13,3.0,602,4.659066373222538,-0.5853202964091135,1
2046,35.3,66.8,25.8,35.6,43.0,14.6,1.96,4.8,666,3.703512394448627,-0.008772575730238524,1
2051,41.2,78.8,30.7,32.2,42.1,19.0,2.53,5.0,635,5.044954969031641,-0.3889496240998181,1
2067,41.4,86.0,25.7,35.8,39.6,4.8,1.99,6.1,449,3.0566326841181164,0.2931781958236252,1
2071,40.6,76.8,39.2,60.7,33.0,18.6,1.85,3.4,686,4.932011811180978,1.6428384585429014,1
2078,43.9,80.9,4.6,15.6,37.6,21.9,2.05,5.4,387,3.3582169732318294,-2.2619220370900974,1
2086,36.0,87.5,1.1,21.3,43.5,1.8,2.63,4.0,514,2.9430913032063213,-1.9753735958082432,1
2091,26.3,86.9,4.5,22.1,37.1,11.0,2.22,5.1,556,2.308207385777808,-1.5067614249124475,1
2099,41.2,93.0,24.2,44.3,33.9,12.6,2.09,5.3,732,4.3810766874768055,0.0007181808904149618,1
2110,36.3,99.2,13.1,34.1,34.7,21.0,2.26,4.5,742,4.6593528014571675,-1.3768675603032121,1
2112,36.3,59.6,30.8,35.6,41.4,10.7,1.95,3.7,617,3.3840064529495777,0.49965441949903167,1
2120,35.5,91.0,13.1,17.2,20.7,15.1,1.99,5.4,597,2.3288608101951356,-1.237932188836747,1
2142,35.9,66.6,27.1,49.5,36.3,15.9,1.91,5.3,426,3.2477914396576946,1.0396580796926198,1
2144,34.5,80.8,10.6,18.6,32.1,18.4,2.37,6.4,763,3.4231741779387597,-1.8056735176769474,1
2150,35.5,90.9,36.7,48.4,35.8,17.5,2.23,11.8,519,3.7095617693308536,1.3177743655745378,1
2156,25.5,83.5,11.1,26.3,30.5,14.6,2.27,3.7,698,2.8404346627529526,-1.086948262491929,1
2157,29.4,87.6,1.9,27.1,35.4,20.4,2.02,4.6,769,3.4444291251940844,-1.9817391285685484,1
2165,34.8,88.5,15.1,26.4,34.0,8.4,1.7,5.5,577,2.3199131101529766,-0.6437620362012909,1
2171,34.7,72.0,9.7,33.5,33.9,13.2,2.3,4.4,475,2.8766782279866727,-0.7564990552931464,1
2178,34.7,97.6,6.1,19.6,23.1,19.6,2.12,6.4,596,2.7714628431147452,-1.7824545085405792,1
2182,29.9,107.5,33.5,52.1,27.7,17.6,2.42,3.4,592,4.615631023803826,0.9906607656126147,1
2187,34.7,77.0,10.7,26.5,19.8,21.3,2.12,5.2,633,2.779565641274006,-1.088377774680675,1
2195,34.9,86.4,9.2,28.0,36.9,9.0,2.08,7.1,728,2.8919487919943334,-1.2166268262151008,1
2196,42.6,92.1,2.9,12.8,34.5,12.0,2.06,6.8,562,2.7828737144441176,-2.3420507902189036,1
2201,33.8,81.1,7.3,21.3,38.8,22.0,2.35,6.3,693,3.8027894413779952,-2.036030910941764,1
2211,35.1,65.7,26.8,41.9,32.5,21.7,1.92,5.6,571,3.4957473579805463,0.479555349153499,1
2220,31.9,93.9,32.7,44.6,38.8,16.7,2.52,3.4,564,4.795026075851871,0.5086052537476567,1
2222,33.5,79.9,6.8,17.6,33.0,18.3,1.78,6.3,545,2.276591853308159,-1.6228154755696598,1
2231,34.7,94.5,12.3,31.9,39.8,20.2,1.58,4.4,424,3.2888696479718083,-0.9390285762322147,1
2238,45.6,98.3,28.0,43.8,32.1,14.9,2.18,3.2,680,5.104645070526403,-0.04162645320621356,1
2242,35.8,90.0,9.0,27.5,37.6,17.1,2.02,4.6,644,3.646066653766824,-1.543399387018495,1
2243,37.1,74.0,3.1,24.9,42.6,10.6,2.08,4.4,406,2.6268904628439023,-1.540944404599515,1
2248,36.3,88.7,13.5,25.7,29.9,6.7,2.02,4.8,739,2.7804495933280173,-0.9815052442563575,1
2256,41.4,93.0,30.7,45.3,40.3,12.5,1.63,4.2,600,4.239683993119373,0.5462802482928778,1
2265,33.3,98.7,20.9,36.7,35.1,16.0,1.73,5.1,578,3.421610264644894,-0.20845111404968794,1
2272,38.8,90.8,12.6,20.3,29.3,8.3,1.57,6.9,630,2.020070536342872,-1.0432954707886641,1
2273,40.1,95.2,11.5,30.1,34.8,18.6,1.88,5.4,803,4.18750539577429,-1.5449632808510434,1
2281,33.9,94.5,16.6,42.2,41.7,18.5,2.4,8.1,421,3.90166853127255,-0.3447745922711456,1
2282,26.5,67.6,18.4,29.0,40.0,12.3,2.17,4.1,598,2.7332861069783663,-0.38175255199142794,1
2284,30.9,87.1,17.6,32.2,42.7,19.2,1.88,7.6,511,3.194581051588968,-0.550775254347636,1
2342,35.4,81.5,4.6,17.8,37.6,11.7,1.9,3.6,488,2.4564650906522214,-1.7741457382997448,1
2355,33.5,78.0,9.1,30.0,38.1,10.9,2.08,3.7,539,2.8677732674266165,-1.0100896031509914,1
2388,41.5,96.7,30.7,47.9,34.0,15.8,2.02,3.4,584,4.741287369899938,0.5120803856934196,1
2389,38.9,66.7,49.1,54.0,26.6,16.7,2.39,5.3,758,4.683347354254929,2.0919705674539193,1
2394,36.0,97.3,11.0,20.8,28.5,20.7,1.87,3.9,795,3.7433249766053094,-1.853302986282791,1
2402,20.4,92.4,1.0,19.5,36.5,22.6,2.62,9.0,494,2.5250854644181566,-1.9775965928818402,1
2421,27.1,66.5,14.8,29.8,35.6,15.6,1.99,3.3,577,2.589703314308125,-0.5221491349801247,1
2424,43.3,62.8,8.0,21.7,31.1,10.2,2.51,4.7,429,2.6621368151075875,-1.3429120493757323,1
2426,36.5,81.6,6.1,19.4,29.0,20.5,1.92,4.2,690,3.153516432827543,-1.95057796790978,1
2428,38.2,82.1,8.4,26.5,24.6,7.4,2.6,5.2,696,2.9186601392863905,-1.2662601362858819,1
2439,40.6,93.3,21.5,48.7,19.0,14.2,1.85,6.3,464,2.902684000760193,0.710588799437094,1
2459,39.3,74.8,28.1,49.3,33.0,21.3,1.84,3.8,730,4.571526233810765,0.4513472304371255,1
2464,27.2,82.5,18.7,37.1,32.5,14.5,1.96,4.5,544,2.6910797089201957,0.04062629194133735,1
2471,33.1,66.1,21.1,41.6,27.9,17.7,2.23,3.4,733,3.6546425544311925,0.036917383726754044,1
2484,36.8,87.2,41.4,57.0,35.9,20.6,1.7,3.6,749,5.0962144584142015,1.478144149216236,1
2494,34.6,67.9,29.7,53.8,28.9,18.9,2.55,2.7,746,4.765081695432685,0.800051884978808,1
2504,34.3,99.6,14.3,24.7,32.2,13.6,1.89,6.8,487,2.580589241126501,-0.8908208244739835,1
2517,32.3,98.4,27.5,39.8,35.2,13.5,2.07,4.3,773,4.199781705165312,0.05686631086621102,1
2523,35.1,92.9,16.9,37.8,40.1,16.8,1.86,6.5,777,4.041094832181931,-0.730074378885198,1
2524,40.0,94.4,30.9,48.1,41.2,11.4,2.6,5.8,860,5.513228244817028,0.1705028527032227,1
2543,34.5,78.6,20.7,37.6,26.7,14.1,2.35,4.6,702,3.5002208881943297,-0.14050754135973997,1
2548,40.4,71.5,30.1,46.8,43.9,18.1,2.13,5.3,790,5.090980779807415,0.23445147088175314,1
2551,32.3,76.8,19.1,38.4,23.9,12.6,1.69,6.2,674,2.200717976873359,0.2748820839749389,1
2560,37.0,60.4,1.3,17.8,32.1,19.7,2.22,4.8,407,2.380234093300454,-1.899825174155191,1
2562,29.4,91.0,25.4,47.2,37.6,19.6,1.66,3.7,675,4.008040751555331,0.3774972552924688,1
2566,45.3,85.9,23.3,50.1,33.3,19.9,2.45,7.9,715,5.107289640173748,-0.057438720199149654,1
2574,35.6,75.0,29.0,41.8,32.2,11.9,1.95,5.8,748,3.426290759594102,0.601616613573875,1
2575,39.0,60.5,31.6,37.0,44.0,20.1,2.3,5.1,406,4.137577082077115,0.364470739170621,1
2576,44.9,84.2,2.9,16.2,33.4,17.0,1.93,4.4,701,3.5679682340900096,-2.511769247946252,1
2581,30.3,94.9,15.4,28.7,32.9,10.2,1.48,7.0,620,2.0031788733916356,-0.4314210849407009,1
2594,38.4,99.1,31.0,52.7,32.7,18.1,2.13,4.7,646,4.896697568485292,0.687818023740706,1
2612,30.4,102.2,24.6,30.2,35.0,19.3,1.93,5.5,758,3.975067670748119,-0.5715938933135163,1
2627,39.4,80.3,37.6,53.3,39.0,13.6,1.99,4.4,448,4.2062010018125,1.5224988525486636,1
2635,43.2,64.6,31.2,48.6,36.7,14.7,2.3,3.4,540,4.476807691866307,0.7796499961397895,1
2637,26.8,88.6,16.0,28.5,44.6,19.1,2.13,6.7,484,3.2314847673891314,-0.8242859253316154,1
2657,40.4,79.3,29.1,43.9,31.1,18.0,1.85,6.6,615,3.763614744603174,0.5755125285787183,1
2659,30.9,92.5,24.3,29.7,34.9,18.0,1.64,9.1,678,2.852508276262792,-0.1765863831124573,1
2663,40.7,67.9,12.1,30.6,35.9,18.9,2.24,5.5,504,3.510347482512242,-1.042333076322435,1
2669,31.3,68.3,26.6,31.6,40.1,19.8,1.51,10.4,568,2.3619791347680703,0.3152067945477263,1
2675,34.2,99.4,8.9,32.0,32.3,7.9,1.71,3.3,601,2.7000536463162073,-0.9229059525675551,1
2676,32.5,74.3,5.0,18.7,32.3,15.5,1.83,4.8,769,2.547433275804622,-1.8236919932559288,1
2680,43.4,88.4,35.6,48.0,39.4,14.4,1.78,4.6,639,4.693463865783387,0.8242592292374672,1
2699,33.5,110.4,34.0,49.8,30.4,2.6,2.06,4.2,706,3.7378176342917513,1.2134286296376575,1
2711,39.0,76.1,9.4,22.0,37.0,14.4,2.45,6.2,533,3.2489100402002173,-1.5585851587817305,1
2714,44.0,111.0,20.6,39.6,34.3,6.6,1.95,4.2,741,4.344165184333431,-0.48980880883553596,1
2719,42.7,111.0,33.8,50.7,41.3,21.0,2.52,4.2,516,6.181033052681118,0.27956099994328254,1
2730,30.4,68.6,15.4,29.7,31.0,11.3,2.06,3.6,609,2.4263029619971443,-0.4210077779863247,1
2736,36.7,81.0,28.5,43.7,22.6,19.7,1.91,5.6,628,3.4628770260125608,0.6661168721713313,1
2737,39.3,59.3,3.3,14.2,22.5,18.6,2.12,4.4,775,2.6241381403751864,-2.149179379716663,1
2743,45.4,82.6,12.9,29.4,41.6,14.1,2.29,5.1,841,4.8014606252242,-1.694344863039704,1
2749,33.9,75.6,9.0,20.9,32.1,20.4,2.36,3.4,511,3.255630754467864,-1.617118024014926,1
2753,35.4,71.3,6.3,19.7,34.4,19.2,2.35,5.4,714,3.3953328709663815,-1.9884478290668786,1
2757,43.7,66.8,33.4,36.4,34.5,8.0,1.79,4.7,608,3.2439534649617285,0.7414662122962175,1
2766,37.1,70.6,9.6,28.2,33.2,5.2,2.49,3.7,711,3.037352316279197,-1.1283814836925659,1
2771,29.0,64.4,23.5,23.1,35.1,17.3,2.13,5.0,560,2.6778481739480626,-0.3268723340380091,1
2784,33.0,62.1,12.9,30.8,35.3,6.5,2.28,6.6,651,2.2742833019038264,-0.4793759611115595,1
2786,41.9,85.5,32.2,37.1,40.9,21.9,2.07,6.1,579,4.8144069429272704,0.0057756289302039136,1
2787,41.4,79.4,28.4,40.4,28.0,17.8,1.15,6.4,538,2.7559226608069003,0.7312222589262088,1
2788,34.4,107.9,18.7,33.4,37.1,15.3,1.99,5.4,388,3.430930060063072,-0.473090424685682,1
2798,36.1,70.2,19.1,37.6,27.8,20.7,2.21,3.9,454,3.346052570908382,-0.11801294551434822,1
2806,36.1,84.1,25.6,42.0,35.7,14.7,2.39,5.3,444,3.798473871432537,0.3361085556881559,1
2811,36.7,82.4,9.6,18.8,27.3,23.2,1.7,4.3,598,2.923484748669693,-1.653019963181173,1
2814,30.3,72.1,11.3,33.6,34.4,15.1,2.0,5.0,726,2.950282760981174,-0.7777415207161023,1
2816,37.1,83.0,22.5,36.4,34.9,16.7,1.97,5.5,464,3.3637642383935322,-0.023194461453536576,1
2821,38.0,94.7,16.0,35.7,30.4,11.7,2.26,4.8,574,3.5395658282795246,-0.5699396476315863,1
2835,27.2,88.6,7.1,26.7,36.6,16.7,2.39,9.9,442,2.3101741981292396,-1.1176596790968156,1
2850,40.9,72.9,22.5,43.4,36.6,21.1,2.33,2.7,592,4.871403038710919,-0.2559895737733847,1
2852,42.2,86.6,23.0,34.8,34.9,6.2,1.96,3.8,635,3.5287306984134146,-0.16211397918727724,1
2867,34.2,97.3,15.2,26.6,30.9,11.0,1.74,7.1,681,2.5657644271107554,-0.7877262043862876,1
2873,36.5,88.6,37.0,49.3,26.4,8.3,2.43,3.5,644,4.0533163189700465,1.3412084066211691,1
2878,37.3,95.3,19.1,29.0,31.2,10.5,2.17,4.3,787,3.7748249172511534,-0.8656863624491112,1
2912,34.7,82.4,8.3,35.2,42.3,19.6,1.09,3.8,761,3.4124906397036634,-1.1958408057376868,1
2926,28.9,99.1,29.9,46.2,42.8,6.1,1.99,4.7,594,3.555331890767061,0.8579225553429767,1
2934,39.2,83.5,17.6,36.2,27.7,19.4,1.74,3.5,480,3.2843724090606177,-0.32993920890777184,1
2939,37.2,91.9,0.1,14.3,39.2,21.2,1.6,3.5,435,2.95139498758216,-2.504191053324945,1
2940,38.9,75.2,6.8,26.1,33.4,18.0,1.85,4.3,579,3.070660533508253,-1.4923594525603925,1
2948,40.6,72.0,22.6,40.5,39.9,15.9,2.46,5.1,513,4.264340495282419,-0.1322712761687597,1
2950,47.3,98.9,5.5,30.3,39.6,11.2,2.56,3.0,604,4.838889873570403,-2.0660442775407604,1
2954,36.7,67.4,12.4,22.7,38.4,2.0,2.04,6.9,705,2.093797256712991,-0.8994132797064187,1
2957,34.2,106.5,32.9,49.0,26.7,18.9,2.08,8.4,770,4.29281778222404,0.789025377000766,1
2976,40.0,84.5,41.1,57.1,41.8,16.9,1.83,5.4,578,4.8361850146709,1.6135042755993287,1
2977,38.2,78.2,21.3,45.1,29.2,16.5,1.66,4.2,600,3.3498944601746157,0.3116508274358455,1
2988,33.4,74.2,23.3,38.5,24.2,14.5,2.16,6.7,724,2.9467189861125767,0.2716975064301593,1
2991,39.1,79.9,7.9,19.7,34.6,10.7,1.71,5.5,609,2.3939344048858877,-1.4980434581853725,1
2993,35.2,96.2,4.9,15.5,33.6,9.7,2.34,3.6,515,2.840641951438118,-2.0189645400437004,1
2996,27.4,79.4,6.0,11.9,35.5,17.6,2.47,3.5,831,3.3925564546903857,-2.414818570705242,1
2998,34.2,81.2,30.3,40.5,31.5,19.6,1.48,5.5,551,3.126263615354469,0.740664492213784,1
3006,34.7,80.2,22.7,41.3,31.6,19.7,2.04,3.9,798,4.259184599691679,-0.1935196776577129,1
3010,40.4,91.4,5.1,20.6,38.8,7.5,2.26,9.5,599,2.7125941047161155,-1.7815379242323743,1
3023,38.3,73.3,15.0,29.6,38.1,14.1,2.32,4.2,373,3.228456444236738,-0.7279174902090271,1
3027,40.1,65.7,14.3,31.1,32.8,20.5,2.14,4.5,637,3.7328220991737795,-0.9930945980616113,1
3031,39.0,75.2,23.9,41.7,23.9,12.7,1.91,9.4,812,2.889173245483431,0.42169912478820853,1
3033,37.6,80.6,8.5,17.8,25.0,15.2,1.65,4.1,768,2.5611819638639353,-1.658894752184267,1
3034,38.3,89.3,10.1,28.2,29.5,20.9,1.76,4.7,587,3.3165288047061234,-1.30651297091386,1
3044,42.2,83.8,9.1,27.4,24.3,5.3,2.39,9.1,619,2.270685416693355,-0.946911529022665,1
3049,40.1,70.3,9.9,29.4,38.0,15.9,1.68,4.0,581,3.1273873646419483,-1.145007456556249,1
3053,34.3,59.0,24.2,34.2,25.7,16.1,2.02,7.6,545,2.200312916419532,0.4681805204160077,1
3065,39.3,79.2,30.6,44.5,34.0,22.1,2.02,4.6,619,4.555612991088463,0.40539204916880994,1
3068,31.2,90.0,14.9,29.6,29.7,21.6,1.88,4.4,424,2.88772596089172,-0.6766537154082214,1
3070,42.3,96.6,4.3,16.1,37.7,3.2,2.44,3.4,421,2.9617863195267495,-2.0396543854666387,1
3074,33.9,94.5,8.9,15.1,33.2,11.7,1.89,4.3,680,2.732775961372867,-1.8203603974152225,1
3078,35.3,88.7,20.1,30.4,34.9,4.9,1.49,6.2,686,2.2793221123516063,-0.14065917117307736,1
3089,37.1,84.7,31.7,57.6,28.8,19.6,2.25,7.5,672,4.430732875901792,1.1772527077288737,1
3097,38.1,109.9,1.7,12.9,29.8,17.7,1.89,4.4,734,3.461866072893492,-2.766209477579093,1
3098,39.8,66.5,18.2,26.8,42.9,17.1,1.31,5.0,556,2.921416540876506,-0.6769983947884022,1
3101,30.3,92.2,9.2,14.4,37.5,16.1,2.22,5.2,652,3.127519995042038,-1.977618577842719,1
3107,36.7,99.0,4.2,19.4,32.1,18.7,2.38,3.9,675,3.9465814604921707,-2.386862868169103,1
3113,44.9,100.6,12.9,28.7,43.6,15.9,2.18,6.0,630,4.686132655176416,-1.678217594268265,1
3118,38.8,97.9,0.1,12.2,43.2,7.9,1.27,4.0,567,2.2859747562514454,-2.3990040835025863,1
3119,35.8,72.9,6.2,33.2,23.9,16.7,2.0,3.6,552,2.610717433776217,-0.9332092933355506,1
3124,41.2,100.3,19.6,35.4,39.8,9.1,1.97,4.6,453,3.6670240272036656,-0.4031817681548651,1
3125,30.4,98.0,24.9,30.7,23.5,21.2,1.55,6.7,594,2.6500293215471986,0.034780232658337955,1
3127,31.5,66.9,4.6,14.6,24.7,19.7,2.47,7.5,761,2.470524631285836,-1.9889897591025434,1
3132,35.8,71.5,19.0,34.1,28.6,13.5,1.54,7.8,592,2.0049697920220106,0.12167907013203999,1
3143,46.0,80.1,8.2,40.2,30.8,15.3,2.55,7.9,584,3.9250831257972267,-1.0161237636059322,1
3150,43.4,66.5,7.0,24.6,38.4,10.1,1.77,4.5,450,2.4747761229208924,-1.2622221204244193,1
3151,42.2,91.6,0.4,11.5,35.9,12.5,2.15,5.9,683,3.2114652091925335,-2.7689590627049725,1
3153,26.7,92.5,13.4,17.1,30.0,10.7,2.31,3.8,712,2.6880637494578066,-1.3542028490056301,1
3154,40.6,51.7,18.8,31.5,30.4,9.5,2.15,3.4,738,3.047988479077099,-0.3613418313535976,1
3155,45.6,82.4,13.1,27.8,24.8,13.8,1.37,5.5,408,2.124937271604832,-0.6056360819922523,1
3157,38.4,87.7,38.4,63.6,45.4,17.0,2.49,3.7,637,6.03177745530961,1.3251468892266212,1
3166,39.0,59.1,13.8,39.2,41.2,11.6,1.82,3.8,602,3.19197889458526,-0.37628247195118014,1
3167,40.4,99.5,1.0,7.8,35.6,20.2,1.97,4.1,458,3.265684569497106,-2.900043377574395,1
3168,29.9,82.5,12.0,25.6,37.5,11.2,1.63,3.8,597,2.350044949585926,-0.8899479165203802,1
3170,33.0,79.0,1.0,23.0,37.8,19.9,1.84,6.8,651,2.8027922558208513,-1.9828002698039382,1
3172,40.8,107.1,11.6,37.6,36.7,5.3,1.94,3.0,750,4.027943405546124,-1.0405795654875811,1
3175,32.1,84.3,4.2,14.3,37.1,11.6,1.45,3.3,737,2.2974957823108295,-2.0206944371379576,1
3179,33.4,96.6,14.1,25.5,26.8,15.8,2.39,5.5,623,3.287170053817055,-1.129420928365779,1
3181,37.0,96.6,14.8,25.2,40.6,14.7,2.11,10.2,673,3.398762893001823,-1.2455875875539608,1
3182,27.1,111.8,2.6,30.7,32.7,23.2,1.93,6.3,691,3.4973328539655406,-1.8187182084631852,1
3189,33.2,76.6,6.9,23.1,31.0,17.1,2.06,4.8,804,3.1145624895912283,-1.7021020687999913,1
3192,46.3,91.0,27.0,51.7,37.3,20.2,2.14,4.1,624,5.524115711912854,0.12497390045177269,1
3198,41.5,106.1,2.5,16.1,41.6,22.9,2.33,9.7,629,4.22269115860049,-2.8688206014877253,1
3200,40.9,69.5,31.1,53.4,39.3,14.0,1.69,5.5,465,3.629876284114879,1.3078398568379745,1
3213,45.5,84.9,7.2,17.4,39.1,17.0,2.09,3.4,861,4.594051361997539,-2.6147005634151514,1
3226,40.0,88.6,4.5,25.7,31.0,20.5,2.11,4.6,709,3.893803740031022,-2.0489768436822446,1
3240,41.1,70.0,30.3,40.1,36.4,7.6,2.51,5.0,647,3.983803137301207,0.4631311949969409,1
3254,39.4,57.0,11.2,26.3,28.7,20.4,2.01,3.8,468,2.7558423927515996,-0.9795189864961767,1
3272,43.8,106.8,4.6,19.2,32.8,21.2,2.34,4.1,425,4.170693121691232,-2.4232224630952994,1
3277,42.2,76.5,39.0,53.0,31.2,13.5,2.3,5.2,458,4.176034287287016,1.6384411799418575,1
3288,28.2,90.6,17.2,27.5,32.3,17.4,2.07,9.1,680,2.7254436170876817,-0.6638926530799911,1
3329,35.5,79.5,19.1,40.9,41.3,5.0,2.0,7.0,650,2.975821809321105,0.09929635439660077,1
3336,30.8,85.5,18.6,44.4,31.0,8.1,2.25,4.0,770,3.4239662423307964,0.07787203858155377,1
3339,40.1,88.5,1.3,13.3,35.7,18.2,2.2,6.6,453,2.960718691924424,-2.455389194960814,1
3353,34.5,74.3,6.3,22.0,33.5,18.0,1.91,4.7,568,2.6757793905390534,-1.5641079969285416,1
3364,32.8,99.6,2.2,8.0,33.6,21.5,1.92,5.5,664,3.0375473142883807,-2.7871649971080195,1
3365,41.9,68.4,15.5,26.3,29.2,18.5,1.4,4.5,387,2.266301428012298,-0.5473958945965802,1
3370,36.3,57.5,15.0,34.4,36.2,17.1,2.36,3.7,446,3.2657753096351256,-0.48347947589553997,1
3392,40.5,83.3,8.8,30.9,22.9,14.1,2.11,8.6,757,2.8376093945497436,-1.0902118645295302,1
3410,35.3,106.9,35.7,60.3,41.7,16.1,2.54,5.6,857,6.140520460420977,0.828398427462927,1
3428,43.7,80.1,45.4,49.7,27.4,17.9,2.1,8.7,561,4.127407754675792,1.8186840242231384,1
3433,41.6,86.7,0.3,13.9,31.3,17.5,1.96,3.7,773,3.5038573099870907,-2.786687608724144,1
3442,41.1,103.3,40.8,53.1,38.5,12.6,1.61,7.4,602,4.331880723986461,1.5267011129725985,1
3450,31.7,106.5,14.7,21.2,33.0,18.0,1.98,4.1,661,3.5745876862367196,-1.4839723517461443,1
3451,31.3,89.6,1.7,17.0,25.1,17.2,2.18,4.2,832,2.985414321726498,-2.314322339476798,1
3453,33.1,77.3,20.9,31.9,42.9,11.7,2.11,4.1,672,3.6319181553704922,-0.4868898067734277,1
3463,33.5,76.3,1.0,25.2,17.4,19.0,2.47,3.4,666,2.8211865921260024,-1.768269767149627,1
3464,35.3,86.1,14.4,37.9,27.8,17.2,1.91,5.5,568,3.0487957229692157,-0.3870279468194858,1
3465,37.3,91.6,28.9,30.2,34.7,8.9,2.11,3.9,754,3.885905823685873,-0.1843454100742916,1
3472,39.0,73.4,34.2,49.8,38.3,19.1,2.36,3.8,765,5.3289018378696005,0.6062158315711853,1
3473,26.0,88.4,14.3,31.1,35.1,16.7,2.26,3.9,745,3.563951923637274,-0.9591000013773182,1
3481,31.6,74.8,28.5,45.8,25.4,16.3,2.29,4.7,782,3.7614183703368984,0.6683800706831652,1
3485,32.5,71.2,9.2,39.4,38.5,21.3,1.55,4.6,500,2.92744163412989,-0.5958204192903568,1
3497,27.4,74.7,25.9,31.1,29.5,17.3,2.28,5.8,501,2.674529234412061,0.25362087870274674,1
3500,35.5,111.3,38.0,50.8,38.4,11.3,2.09,3.2,497,4.670443959198165,1.1917496793619953,1
3502,32.4,97.5,25.4,42.8,33.4,10.6,2.02,4.6,792,3.8878768775930053,0.19544545556342205,1
3503,38.9,86.0,18.1,29.0,39.7,15.2,2.09,4.1,477,3.711133010425508,-0.8250225290893329,1
3504,38.8,83.1,25.9,30.6,32.1,17.5,2.58,4.9,638,4.341827148121274,-0.48948868035467014,1
3505,29.9,94.3,1.6,13.8,31.5,13.9,2.39,3.4,522,2.6531177526060983,-2.2416042561158096,1
3517,38.8,92.5,8.3,29.0,32.8,8.3,2.19,3.9,698,3.4191405129349297,-1.399350496481757,1
3518,27.5,72.4,18.8,32.6,40.4,19.1,1.95,9.7,392,2.1992311817653616,0.00680518965713436,1
3528,30.8,81.7,23.3,36.4,26.5,21.6,1.49,5.8,546,2.5698115376497968,0.2965183055724477,1
3531,35.6,70.9,18.5,44.0,43.3,12.5,1.71,5.0,484,3.087789479449435,0.2151650396947467,1
3543,35.6,65.8,21.8,36.3,30.3,9.2,1.6,5.1,691,2.3321942604728276,0.3083422899364018,1
3561,33.7,83.7,12.7,18.9,36.0,15.0,2.56,4.6,679,3.6430466273828923,-1.6840558688249843,1
3563,37.1,97.7,11.7,27.3,31.4,17.8,1.87,9.6,675,3.0295333096490578,-1.2055251557105007,1
3575,28.9,82.1,25.1,47.5,34.4,22.3,1.8,5.2,675,3.8051442677543443,0.46597862177744453,1
3578,30.6,94.9,10.5,34.9,26.5,12.1,2.44,6.0,444,2.5833575485227103,-0.5347097942479179,1
3580,36.2,80.7,35.7,55.6,39.2,13.2,2.13,8.7,829,4.450478229281641,1.2753768753038544,1
3585,43.9,89.5,4.5,31.0,36.7,17.2,1.89,3.3,639,4.104221257526252,-1.8526561056288562,1
3594,40.2,107.4,25.0,52.1,46.6,15.2,2.29,3.6,627,5.749869967024787,-0.08513087251070155,1
3595,29.5,69.1,30.2,35.4,43.3,15.5,1.62,7.0,711,3.058636285596237,0.4731757466860678,1
3611,42.0,91.8,28.0,37.4,44.9,16.3,1.85,3.4,682,4.9787425410225215,-0.3482048033499267,1
3617,37.9,99.5,3.1,18.7,29.2,14.0,2.3,8.2,448,2.503394118253065,-1.8812755122493185,1
3619,40.6,80.7,1.1,14.6,41.7,21.3,1.92,4.5,469,3.361310566398365,-2.5705317880629446,1
3627,31.0,108.9,2.3,24.7,31.2,11.0,1.72,3.0,704,2.818601953257834,-1.8277676569192889,1
3630,34.2,92.3,1.7,26.2,37.3,12.5,1.85,3.6,501,2.750107647890825,-1.6832641718983035,1
3633,43.7,86.8,2.1,16.5,38.7,15.3,1.92,8.3,351,2.505866645649245,-2.061484125155117,1
3640,36.5,81.1,14.2,34.5,37.1,11.8,1.91,4.3,610,3.23631028506693,-0.641702243385995,1
3653,39.1,88.5,27.6,38.0,28.2,7.1,1.85,5.6,659,3.0145147242835497,0.48783622732416415,1
3655,38.0,75.2,7.0,32.7,40.7,15.6,2.57,3.2,786,4.601083717725191,-1.7575517621603465,1
3667,39.6,74.9,1.1,22.8,29.0,21.5,1.69,4.6,587,2.7862543844763037,-1.9446691623066779,1
3682,37.1,105.9,2.5,17.2,28.3,14.5,1.63,5.5,501,2.286396135201815,-1.9616442574841315,1
3684,28.9,87.5,13.4,37.1,34.3,8.9,1.9,8.0,612,2.1824319627833604,-0.16488802025202517,1
3685,37.6,81.0,11.8,29.5,39.5,22.3,2.32,3.8,616,4.45174302769806,-1.5422109120751797,1
3696,27.9,104.7,7.3,17.6,28.4,17.3,2.43,5.0,505,2.83606895845806,-1.7720923029598294,1
3712,32.6,79.8,33.1,45.2,32.1,5.2,2.61,4.2,731,3.8090725394466665,0.9749862945409515,1
3718,37.8,70.3,16.7,29.9,35.9,22.1,2.16,4.1,529,3.7999518419943223,-0.8982775029849611,1
3738,27.6,89.1,23.7,36.4,35.4,17.2,1.79,4.2,817,3.674957314892422,-0.1754286625356214,1
3742,39.6,94.6,10.4,33.3,28.4,17.3,2.11,3.8,533,3.6517385625598195,-1.1113795858271476,1
3745,33.6,88.9,23.3,40.6,31.1,13.5,2.29,7.3,405,2.9596319947669882,0.43830771094806537,1
3753,29.7,93.5,2.9,21.9,30.5,10.0,1.79,3.7,816,2.5010498888118713,-1.8036193218949021,1
3754,44.9,82.7,33.8,51.4,32.1,14.7,2.49,3.8,514,4.914785471472739,0.9059461868899467,1
3759,34.3,70.1,0.5,19.9,32.1,14.8,2.04,5.0,551,2.196608262945083,-1.8326348458706276,1
3785,45.1,102.9,16.4,49.1,38.4,18.7,2.06,4.8,638,5.25003986840168,-0.6353761089992674,1
3795,31.3,102.2,15.4,33.6,29.6,21.0,1.88,4.1,466,3.306743424835311,-0.6392985652118643,1
3802,39.2,68.0,4.0,18.4,30.2,16.8,1.77,3.8,763,2.842136552809639,-2.0151162890813556,1
3810,43.3,95.1,20.3,53.0,37.9,21.0,2.08,6.3,581,5.015310451246108,-0.06666317163098452,1
3813,36.0,70.2,12.5,41.9,30.7,16.0,1.79,4.6,624,2.9906046247236917,-0.2736802948414179,1
3833,43.2,98.2,6.1,32.9,42.3,19.8,2.26,4.1,797,5.34574524439084,-2.2060475527809174,1
3838,41.4,66.1,15.1,31.6,28.7,19.4,1.65,5.9,776,3.225642842407137,-0.7968879023685642,1
3844,38.9,90.0,28.7,41.1,31.6,15.8,1.71,7.1,666,3.594387449369783,0.42994238092731846,1
3846,37.3,70.1,4.6,17.8,34.8,12.0,1.73,3.6,609,2.31963723603415,-1.746119253615131,1
3849,34.1,55.0,12.0,30.7,28.3,22.7,1.64,3.4,684,2.772745177520774,-0.7907710555158517,1
3862,40.0,75.6,16.8,35.2,34.9,14.2,2.09,6.5,591,3.357001956485035,-0.48191660595610886,1
3880,36.8,69.6,21.8,35.1,36.0,4.3,2.45,4.8,729,3.3266247200856798,-0.10227445374865572,1
3883,45.6,78.7,3.4,25.3,34.0,11.5,2.41,2.5,503,3.6423800652136604,-1.907463150418656,1
3903,37.3,76.1,7.9,18.8,39.5,11.9,2.27,3.5,434,2.9162857817697447,-1.6400576367447373,1
3913,40.0,68.1,31.6,45.7,38.1,14.4,2.17,4.0,596,4.257193856232749,0.7108555376933411,1
3926,40.9,62.4,19.0,36.7,36.1,20.9,2.3,8.1,518,3.62258871620215,-0.33852145175448883,1
3927,45.8,96.4,0.4,10.0,34.1,11.9,1.9,11.6,374,1.8466422055363563,-2.2880110082708853,1
3940,40.6,77.6,18.1,46.7,35.9,13.8,1.96,4.5,434,3.514111287596454,0.1801893745907031,1
3942,28.7,54.7,17.7,25.2,39.7,9.8,2.44,4.4,522,2.4028932141912134,-0.42111427279948,1
3945,36.0,90.1,29.5,41.4,34.6,13.3,2.12,5.1,760,4.227360256656815,0.27169457124824015,1
3946,39.9,69.7,1.8,10.6,27.1,18.0,2.29,6.9,660,2.5820984523950936,-2.4178520492915347,1
3966,46.0,90.9,11.0,30.8,26.2,15.0,1.78,5.6,736,3.556268514893864,-1.2576207527969232,1
3971,34.1,79.9,42.9,48.9,41.9,20.4,2.03,4.8,515,4.609806112581574,1.4530793234019634,1
3988,41.8,72.4,19.3,37.6,36.1,12.2,2.11,3.6,617,3.8239490034186963,-0.35308159864686506,1
3993,34.7,74.0,22.5,23.7,40.4,17.1,2.49,5.2,523,3.703263843759792,-0.7721787028031183,1
3996,43.3,69.3,6.6,19.3,34.3,11.3,1.99,4.3,500,2.622495826483055,-1.6182628369826788,1
4006,33.2,93.9,21.3,32.2,36.2,21.8,2.35,5.5,714,4.517520014526949,-0.8575644915860917,1
4007,31.6,88.9,24.1,40.1,39.4,11.2,2.06,6.0,474,3.141475148304517,0.3646969795485776,1
4008,41.4,99.5,0.7,40.0,44.6,16.6,2.51,8.8,608,4.537151285597255,-1.8403085080855293,1
4011,44.4,70.0,13.0,26.5,36.2,9.2,1.89,2.7,685,3.393310219392431,-1.1844354909970805,1
4020,38.2,84.1,28.5,35.4,20.9,12.9,1.55,6.0,697,2.623310240452907,0.5392886355392627,1
4037,43.0,94.0,7.6,16.5,27.5,19.0,1.39,8.6,588,2.3628057824380844,-1.7603665814186191,1
4050,36.3,67.9,4.8,18.0,24.6,18.9,2.13,8.1,588,2.052528892737752,-1.6200556371877166,1
4060,29.5,69.1,21.9,45.5,31.7,22.7,1.99,5.3,553,3.304805680392593,0.4296475896413739,1
4076,29.8,67.0,23.0,39.7,27.3,12.5,2.27,7.2,639,2.492011244161864,0.544937752381564,1
4081,44.0,104.8,22.5,48.3,35.8,12.4,2.03,3.4,627,4.860799670506076,-0.08393869118668625,1
4083,36.8,79.1,1.7,14.1,37.1,19.1,2.17,4.0,659,3.414022669396522,-2.5906844720757745,1
4085,38.5,88.0,11.7,28.5,25.2,20.0,1.3,4.3,693,2.8868896356195326,-1.0646139745419005,1
4087,23.8,92.0,20.3,37.8,44.0,5.5,2.29,4.0,433,2.7910916829714045,0.19884299567453023,1
4088,36.4,94.9,7.2,32.0,30.4,5.8,1.92,5.9,565,2.318071938989233,-0.8671394950441211,1
4097,45.2,88.9,9.9,28.9,33.6,18.9,2.37,6.9,574,4.122755551539763,-1.5897673980788536,1
4099,36.4,98.8,15.7,18.1,39.1,12.8,1.95,3.4,541,3.3965060846213206,-1.4514004649173962,1
4116,41.2,93.9,12.4,31.2,31.3,18.7,2.16,5.5,568,3.890113129454274,-1.2136372514530034,1
4137,26.1,82.7,19.9,37.5,36.7,12.0,1.5,4.3,706,2.5935484352324165,0.10043907152570976,1
